-- MySQL dump 10.13  Distrib 8.0.17, for Win64 (x86_64)
--
-- Host: localhost    Database: newsblog
-- ------------------------------------------------------
-- Server version	8.0.17

/*!40101 SET @OLD_CHARACTER_SET_CLIENT=@@CHARACTER_SET_CLIENT */;
/*!40101 SET @OLD_CHARACTER_SET_RESULTS=@@CHARACTER_SET_RESULTS */;
/*!40101 SET @OLD_COLLATION_CONNECTION=@@COLLATION_CONNECTION */;
/*!50503 SET NAMES utf8mb4 */;
/*!40103 SET @OLD_TIME_ZONE=@@TIME_ZONE */;
/*!40103 SET TIME_ZONE='+00:00' */;
/*!40014 SET @OLD_UNIQUE_CHECKS=@@UNIQUE_CHECKS, UNIQUE_CHECKS=0 */;
/*!40014 SET @OLD_FOREIGN_KEY_CHECKS=@@FOREIGN_KEY_CHECKS, FOREIGN_KEY_CHECKS=0 */;
/*!40101 SET @OLD_SQL_MODE=@@SQL_MODE, SQL_MODE='NO_AUTO_VALUE_ON_ZERO' */;
/*!40111 SET @OLD_SQL_NOTES=@@SQL_NOTES, SQL_NOTES=0 */;

--
-- Table structure for table `blog`
--

DROP TABLE IF EXISTS `blog`;
/*!40101 SET @saved_cs_client     = @@character_set_client */;
/*!50503 SET character_set_client = utf8mb4 */;
CREATE TABLE `blog` (
  `blogId` int(11) NOT NULL AUTO_INCREMENT COMMENT '博客id',
  `title` varchar(255) NOT NULL COMMENT '博客标题',
  `summary` varchar(255) NOT NULL COMMENT '文章摘要，正文前50字或全部正文',
  `article` text CHARACTER SET utf8 COLLATE utf8_general_ci NOT NULL COMMENT '文章内容',
  `likeCount` int(11) NOT NULL DEFAULT '0' COMMENT '博客点赞数',
  `hitCount` int(11) NOT NULL DEFAULT '0' COMMENT '博客点击量',
  `commentCount` int(11) NOT NULL DEFAULT '0' COMMENT '博客评论数',
  `createDate` datetime NOT NULL COMMENT '博客创建时间',
  `userId` int(11) NOT NULL COMMENT '博客创建者',
  PRIMARY KEY (`blogId`) USING BTREE
) ENGINE=InnoDB AUTO_INCREMENT=144 DEFAULT CHARSET=utf8;
/*!40101 SET character_set_client = @saved_cs_client */;

--
-- Dumping data for table `blog`
--

LOCK TABLES `blog` WRITE;
/*!40000 ALTER TABLE `blog` DISABLE KEYS */;
INSERT INTO `blog` VALUES (1,'string','string','string',2,26,5,'2020-03-18 04:29:42',1),(2,'哈哈','摘要','你好呀',0,0,1,'2020-03-18 04:33:37',1),(3,'房东是','摘要','范德萨发',0,0,1,'2020-03-18 04:34:37',1),(4,'房东是','摘要','范德萨发',0,1,0,'2020-03-18 04:35:11',1),(5,'房东是','摘要','发士大夫但是',0,0,5,'2020-03-18 04:37:36',1),(6,'广泛大使馆','摘要','后果脚后跟',0,0,18,'2020-03-18 04:38:48',1),(7,'广泛大使馆','摘要','后果脚后跟',0,0,0,'2020-03-18 04:39:12',1),(8,'广泛大使馆广泛大概','摘要','后果脚后跟给对方鼠标 ',0,0,0,'2020-03-18 04:39:19',1),(9,'广泛大使馆的','摘要','过的法国',0,0,0,'2020-03-18 06:23:44',1),(10,'广东省','摘要','广泛的',0,0,0,'2020-03-18 06:25:57',1),(11,'广泛的','摘要','广东佛山',0,1,0,'2020-03-18 06:28:12',1),(12,'广东佛山','摘要','广泛的',0,0,0,'2020-03-18 06:28:37',1),(13,'广泛的','摘要','广东佛山',0,0,0,'2020-03-18 06:29:47',1),(14,'房东是','摘要','发士大夫',0,0,0,'2020-03-18 06:46:25',1),(15,'发生的','摘要','富士达',0,0,0,'2020-03-18 06:47:03',1),(16,'大家好','摘要','欢迎来到王者荣耀',0,0,0,'2020-03-18 08:21:38',1),(17,'你好','摘要','abcdefg',0,0,0,'2020-03-18 08:22:30',1),(18,'的萨芬还是抠脚大汉','摘要','飞洒发的房东是发生',0,0,4,'2020-03-18 08:24:49',1),(19,'retetertretr','摘要','fdsfdsfgd',0,0,1,'2020-03-18 08:27:53',1),(20,'1111111111','111111111111111111','111111111111111111',0,0,3,'2020-03-18 08:34:03',1),(21,'22222222222','222222222222222222','222222222222222222',0,0,2,'2020-03-18 08:40:28',1),(22,'啦啦啦','0：成功 1：失败\n\n1：成功 0：失败\n\n不知道你们是怎么想的，我最初想的是boolean值，1为','0：成功 1：失败\n\n1：成功 0：失败\n\n不知道你们是怎么想的，我最初想的是boolean值，1为真，0为假，所以想当然的认为1表示成功，0表示失败\n\n在项目开发过过程中，我们可能会碰到用户登录的问题，正常、注销、拉黑，锁定等情况\n\n0：正常 1：注销 2：拉黑 3：锁定\n\n0：注销 1：正常 2：拉黑 3：锁定\n\n这样一看，还是0表示成功香，后来的我才知道，大部分人都是用0表示成功的，大于0都是非成功，多好',0,0,1,'2020-03-18 08:41:36',1),(23,'hello ','你好','你好',0,1,0,'2020-03-20 01:54:31',15),(24,'粗体测试','**这里是粗体**','**这里是粗体**',0,0,1,'2020-03-23 08:39:28',1),(25,'111','lalala','lalala',0,0,0,'2020-03-24 13:16:37',16),(26,'广泛的','广泛的','广泛的',0,0,0,'2020-03-26 06:37:50',16),(27,'大家好','真的好','真的好',0,1,0,'2020-03-26 07:23:00',16),(28,'00000000000','000000000000000','000000000000000',0,0,0,'2020-03-26 07:23:56',16),(29,'范德萨发','房东是','房东是',0,1,3,'2020-03-26 07:24:34',16),(30,'房东是','范德萨','范德萨',0,1,0,'2020-03-26 07:29:02',16),(31,'范德萨','发生的\n![image](E:/迅雷下载/测试头像.jpg)','发生的\n![image](E:/迅雷下载/测试头像.jpg)',0,1,4,'2020-03-27 04:15:21',4),(32,'hgfh','![image](E:/迅雷下载/测试头像.jpg)','![image](E:/迅雷下载/测试头像.jpg)',0,1,2,'2020-03-27 04:22:17',4),(33,'第三方','aaaaaaaaa\n![](http://127.0.0.1:8080/getImage?fileN','aaaaaaaaa\n![](http://127.0.0.1:8081/getImage?fileName=e4ab6b55e95e4b86901591d393608195.jpg)',0,3,1,'2020-04-16 08:24:50',17),(34,'Linux中用户与组群管理','飞洒地方 \n 富士达\n ![](http://127.0.0.1:8081/getImage?fil','飞洒地方 \n 富士达\n ![](http://127.0.0.1:8081/getImage?fileName=5151e096ec4f4ba4a65be58e228f6606.jpg)',1,4,0,'2020-04-16 09:09:15',17),(35,'SpringBoot推荐的模板引擎thymeleaf','你好\n![](http://127.0.0.1:8081/getImage?fileName=386','你好\n![](http://127.0.0.1:8080/getImage?fileName=3862aba761004e5bbac3afba228dcbc9.jpg)',2,15,2,'2020-04-16 09:13:12',17),(36,'范德萨','范德萨','范德萨',2,77,3,'2020-04-17 00:19:49',17),(37,'广泛的','广泛的','广泛的',1,109,7,'2020-04-17 00:35:20',17),(38,'Linux中用户与组群管理','fdsaf','fdsaf',0,2,0,'2020-04-21 05:03:39',16),(39,'111','111','111',0,1,0,'2020-04-21 05:05:16',16),(40,'xxx','xxx','xxx',0,0,0,'2020-04-21 05:07:04',16),(41,'ddd','ddd','ddd',0,1,0,'2020-05-05 04:26:46',16),(42,'她她她她她她她她她','广泛大使馆','广泛大使馆',0,29,7,'2020-05-08 11:33:00',16),(43,'gfdg','gfdg','gfdg',0,0,0,'2020-05-23 02:12:52',16),(44,'gfds ','gfdsg','gfdsg',1,17,2,'2020-05-23 02:13:18',16),(45,'法国发过','广泛的','广泛的',0,21,8,'2020-05-26 00:13:06',1),(46,'111','111![](http://127.0.0.1:8081/getImage?fileName=356','111![](http://127.0.0.1:8080/getImage?fileName=356610a6bdc44c619cb0f6401fe391ca.jpg)\n',0,14,6,'2020-05-26 00:18:22',1),(47,'回复功能测试','hello','hello',3,321,43,'2020-05-26 02:08:04',1),(48,'test','test','test',0,17,9,'2020-05-27 08:24:15',16),(49,'1111','1111','1111',0,43,17,'2020-05-27 08:47:44',16),(50,'date','date','date',0,1,0,'2020-05-28 10:10:28',1),(51,'000','000','000',0,0,0,'2020-05-28 10:17:32',1),(52,'555','555','555',0,2,0,'2020-05-28 10:19:23',1),(53,'hello world','hello world','hello world',0,13,5,'2020-06-01 02:36:54',1),(54,'12','5645641374jk5','gdfsdbfgdgbh',1,3,0,'2020-09-18 13:28:36',19),(55,'dvsvgsf','**啊根据客户发**\n```\nfsdfajdksafhsjkg\n```\n\n# 发动机撒卡复活','**啊根据客户发**\n```\nfsdfajdksafhsjkg\n```\n\n# 发动机撒卡复活',0,60,0,'2020-09-22 03:26:13',1),(56,'按不出f','范德萨富士达','范德萨富士达',0,4,0,'2020-09-24 00:31:53',1),(57,'我的新闻博客','# 第一句\n**Hello World**\n你好','# 第一句\n**Hello World**\n你好',0,67,0,'2020-09-24 06:09:40',1),(58,'hello','summary','hello',0,0,0,'2020-10-03 01:40:21',1),(59,'hello','summary','hello',0,0,0,'2020-10-03 01:42:34',1),(60,'hello','summary','hello',0,0,0,'2020-10-03 01:43:38',1),(61,'hello','summary','hello',0,0,0,'2020-10-03 01:44:50',1),(62,'hello world','123','你好',0,0,0,'2020-10-03 02:16:35',1),(63,'hello world','123','你好',0,0,0,'2020-10-03 02:19:44',1),(64,'hello world','123','你好',0,0,0,'2020-10-03 02:22:23',1),(65,'hello world','123','你好',0,0,0,'2020-10-03 02:22:25',1),(66,'hello world','123','你好',0,1,0,'2020-10-03 02:25:45',1),(67,'hello world','123','你好',0,5,0,'2020-10-03 02:26:46',1),(68,'hello world','你好','你好',0,3,0,'2020-10-03 02:26:51',1),(69,'hello','123','nihao',1,6,0,'2020-10-03 02:52:25',1),(70,'欢迎您','欢迎来','欢迎来到杭州',0,0,0,'2020-10-08 09:35:30',1),(71,'欢迎您','欢迎来','欢迎来到杭州',0,0,0,'2020-10-08 09:35:54',1),(72,'欢迎您','欢迎来','欢迎来到杭州',0,0,0,'2020-10-08 09:36:58',1),(73,'欢迎您','欢迎来','欢迎来到杭州',0,0,0,'2020-10-08 09:43:35',1),(74,'欢迎您','欢迎来','欢迎来到杭州',0,0,0,'2020-10-08 09:45:13',1),(75,'欢迎您','欢迎来','欢迎来到杭州',0,0,0,'2020-10-08 09:46:15',1),(76,'欢迎您','欢迎来','欢迎来到杭州',0,0,0,'2020-10-08 09:47:54',1),(77,'欢迎您','欢迎来','欢迎来到杭州',0,0,0,'2020-10-08 09:48:21',1),(78,'欢迎您','欢迎来','欢迎来到杭州',0,0,0,'2020-10-08 09:49:41',1),(79,'欢迎您','欢迎来','欢迎来到杭州',0,0,0,'2020-10-08 09:57:35',1),(80,'欢迎您','欢迎来','欢迎来到杭州',0,0,0,'2020-10-08 10:00:19',1),(81,'欢迎您','欢迎来','欢迎来到杭州',0,0,0,'2020-10-08 10:08:12',1),(82,'欢迎您','欢迎来','欢迎来到杭州',0,0,0,'2020-10-08 10:19:30',1),(83,'欢迎您','欢迎来','欢迎来到杭州',0,0,0,'2020-10-08 10:22:34',1),(84,'欢迎您','欢迎来','欢迎来到杭州',0,0,0,'2020-10-08 10:24:04',1),(85,'欢迎您','欢迎来','欢迎来到杭州',0,0,0,'2020-10-08 10:27:35',1),(86,'欢迎您','欢迎来','欢迎来到杭州',0,0,0,'2020-10-08 10:28:01',1),(87,'欢迎您','欢迎来','欢迎来到杭州',0,0,0,'2020-10-08 10:30:08',1),(88,'欢迎您','欢迎来','欢迎来到杭州',0,0,0,'2020-10-08 10:30:54',1),(89,'欢迎您','欢迎来','欢迎来到杭州',0,0,0,'2020-10-08 10:31:14',1),(90,'欢迎您','欢迎来','欢迎来到杭州',0,0,0,'2020-10-08 10:40:30',1),(91,'欢迎您','欢迎来','欢迎来到杭州',0,0,0,'2020-10-08 10:46:29',1),(92,'欢迎您','欢迎来','欢迎来到杭州',0,0,0,'2020-10-08 10:49:19',1),(93,'欢迎您','欢迎来','欢迎来到杭州',0,0,0,'2020-10-08 10:53:38',1),(94,'欢迎您','欢迎来','欢迎来到杭州',0,0,0,'2020-10-08 11:24:42',1),(95,'欢迎您','欢迎来','欢迎来到杭州',0,0,0,'2020-10-08 11:30:03',1),(96,'欢迎杭州','欢迎来','欢迎来到杭州',0,0,0,'2020-10-08 13:10:06',1),(97,'杭州','欢迎来','欢迎来到杭州',0,0,0,'2020-10-08 13:12:01',1),(98,'杭州','欢迎来','欢迎来到杭州',0,0,0,'2020-10-08 13:12:02',1),(99,'杭州','欢迎来','欢迎来到杭州',0,0,0,'2020-10-08 13:12:02',1),(100,'欢迎来到杭州','欢迎来','欢迎来到杭州',0,4,0,'2020-10-08 14:05:36',1),(101,'杭州欢迎你','欢迎来','欢迎来到杭州',0,4,0,'2020-10-08 14:05:46',1),(102,'欢迎来到王者荣耀','欢迎来','欢迎来到杭州',0,0,0,'2020-10-08 14:05:57',1),(103,'lxy','123456','123456',0,1,0,'2020-10-08 17:21:25',26),(104,'lxy','123456','123456',0,2,0,'2020-10-08 17:21:27',26),(105,'发布文章测试','# 这是一篇测试\n`daimapianduan`','# 这是一篇测试\n`daimapianduan`http://127.0.0.1:8080//getImage?fileName=0ad32e8b0b414a959707f57686b566a8.jpg',0,0,0,'2020-10-09 09:32:14',26),(106,'发布文章测试','# 这是一篇测试\n`daimapianduan`','# 这是一篇测试\n`daimapianduan`',0,1,0,'2020-10-09 09:32:19',26),(107,'1111','```\n12345\n``','```\n12345\n``',0,3,0,'2020-10-09 09:36:10',26),(108,'222','```\nhahhah\n```','```\nhahhah\n```',0,0,0,'2020-10-09 09:37:41',26),(109,'222','```\nhahhah\n```','```\nhahhah\n```',0,0,0,'2020-10-09 09:37:41',26),(110,'222','```\nhahhah\n```','```\nhahhah\n```',0,0,0,'2020-10-09 09:38:00',26),(111,'222','```\nhahhah\n```','```\nhahhah\n```',0,0,0,'2020-10-09 09:38:16',26),(112,'222','```\nhahhah\n```','```\nhahhah\n```',0,0,0,'2020-10-09 09:42:16',26),(113,'123','`123`\n```\n444\n```','`123`\n```\n444\n```',0,9,0,'2020-10-09 09:44:11',26),(114,'jii','```java\nhello world\n``','```java\nhello world\n``',0,1,0,'2020-10-09 09:58:24',26),(115,'测试今日推荐','```java\nhello world\n``','```java\nhello world\n``http://10.101.76.66:8081/getImage?fileName=4a04443c411f452883bdd39a7bf7b68e.jpg',0,16,0,'2020-10-09 09:59:02',26),(116,'123','12','12',0,0,0,'2020-10-09 10:03:46',26),(117,'123','### 12','### 12',0,4,0,'2020-10-09 10:06:57',26),(118,'图片测试','啊哈哈哈','啊哈哈哈',0,1,0,'2020-10-10 11:32:13',26),(119,'我是三号用户','欢迎','欢迎',0,15,0,'2020-10-10 15:31:44',3),(120,'放大','# 一级标题','# 一级标题',1,2,0,'2020-10-10 16:32:17',1),(121,'000','000','000',0,28,10,'2020-10-11 14:41:05',27),(122,'222','![mutation常量类型.png](1)','![mutation常量类型.png](1)',0,1,0,'2020-10-12 17:07:41',26),(123,'111','![1.jpg](http://127.0.0.1:8081/getImage?fileNam','![1.jpg](http://10.101.76.66:8081/getImage?fileName=2761947f384449cbb8ec307b15918ddb.jpg)',0,28,6,'2020-10-12 17:47:23',26),(124,'图片测试','![404.gif](http://127.0.0.1:8081/getImage?fileN','![404.gif](http://10.101.76.66:8081/getImage?fileName=6ff2a781735e45ab8e61735a1ae101da.gif)',0,8,1,'2020-10-12 17:49:47',26),(125,'AAA','![网络头像.JPG](http://127.0.0.1:8081/getImage?file','![网络头像.JPG](http://10.101.76.66:8081/getImage?fileName=ac5710305bdd4cfba3a4491fc31aa9a4.jpg)',1,0,0,'2020-10-14 16:31:12',1),(126,'it 文章知识分享','这是一个知识分享平台。![bizhi.jpg](http://127.0.0.1:8081/g','这是一个知识分享平台。![bizhi.jpg](http://10.101.76.66:8081/getImage?fileName=a9e1f14ab6334e569c0d751a70d9ad8d.jpg)',1,5,0,'2020-10-14 18:21:04',4),(127,'分享知识','这又是一个测试图片的文章。\n![p3.jpg](http://127.0.0.1:8081/g','这又是一个测试图片的文章。\n![p3.jpg](http://127.0.0.1:8081/getImage?fileName=5adaa27a321047e08bcf49ca0d79ecf4.jpg)\n\n这是图片下方的文字',2,96,0,'2020-10-14 18:24:21',4),(128,'fdf','fdsa','fdsa',0,0,0,'2020-11-03 08:52:49',16),(129,'aaa','aa','aa',0,1,0,'2020-11-03 08:53:39',16),(130,'111','55','55',0,2,0,'2020-11-03 09:16:38',1),(131,'333','2','2',0,0,0,'2020-11-03 09:19:53',1),(132,'kjhk','kjhkh','kjhkh',0,0,0,'2020-12-26 17:12:45',1),(133,'11111111111111','111111111111111','111111111111111',0,0,0,'2020-12-26 17:13:14',1),(134,'22222222222222','222222222222222','222222222222222',0,1,0,'2020-12-26 17:16:54',1),(135,'vv','v','v',0,0,0,'2021-01-01 20:08:38',1),(136,'fdgfd','dsfbfb','dsfbfb',0,0,0,'2021-01-01 20:14:02',1),(137,'aaaaaaaaaaaaaa','dsfbfbs','dsfbfbs',0,0,0,'2021-01-01 20:14:22',1),(138,'aaaaaaaaaaaaaa','dsfbfbs','dsfbfbs',0,0,0,'2021-01-01 20:14:22',1),(139,'aaaaaaaaaaaaaa','dsfbfbs','dsfbfbs',0,0,0,'2021-01-01 20:14:30',1),(140,'string','string','string',0,2,0,'2021-01-03 17:42:32',30),(141,'string','string','string',0,3,0,'2021-02-22 15:37:16',1);
/*!40000 ALTER TABLE `blog` ENABLE KEYS */;
UNLOCK TABLES;

--
-- Table structure for table `collect`
--

DROP TABLE IF EXISTS `collect`;
/*!40101 SET @saved_cs_client     = @@character_set_client */;
/*!50503 SET character_set_client = utf8mb4 */;
CREATE TABLE `collect` (
  `collectId` int(11) NOT NULL AUTO_INCREMENT,
  `userId` int(11) NOT NULL,
  `blogId` int(11) NOT NULL,
  PRIMARY KEY (`collectId`)
) ENGINE=InnoDB AUTO_INCREMENT=3 DEFAULT CHARSET=utf8;
/*!40101 SET character_set_client = @saved_cs_client */;

--
-- Dumping data for table `collect`
--

LOCK TABLES `collect` WRITE;
/*!40000 ALTER TABLE `collect` DISABLE KEYS */;
INSERT INTO `collect` VALUES (1,1,1),(2,1,2);
/*!40000 ALTER TABLE `collect` ENABLE KEYS */;
UNLOCK TABLES;

--
-- Table structure for table `comment`
--

DROP TABLE IF EXISTS `comment`;
/*!40101 SET @saved_cs_client     = @@character_set_client */;
/*!50503 SET character_set_client = utf8mb4 */;
CREATE TABLE `comment` (
  `commentId` int(11) NOT NULL AUTO_INCREMENT COMMENT '评论id',
  `content` text NOT NULL COMMENT '评论内容',
  `createDate` datetime NOT NULL COMMENT '评论时间',
  `blogId` int(11) NOT NULL COMMENT '博客id',
  `userId` int(11) NOT NULL COMMENT '用户id',
  `parentId` int(11) NOT NULL COMMENT '指向父评论的id，如果不是对评论的回复则为-1',
  PRIMARY KEY (`commentId`)
) ENGINE=InnoDB AUTO_INCREMENT=182 DEFAULT CHARSET=utf8;
/*!40101 SET character_set_client = @saved_cs_client */;

--
-- Dumping data for table `comment`
--

LOCK TABLES `comment` WRITE;
/*!40000 ALTER TABLE `comment` DISABLE KEYS */;
INSERT INTO `comment` VALUES (1,'hello','2020-03-31 02:43:02',1,1,-1),(2,'广泛的','2020-03-31 07:14:02',6,4,-1),(3,'符合规范','2020-03-31 07:27:03',6,4,-1),(4,'广泛的是个','2020-03-31 07:27:48',6,4,-1),(5,'供奉的是','2020-03-31 07:37:18',6,4,-1),(6,'广泛的','2020-03-31 07:39:23',6,4,-1),(7,'广泛的','2020-03-31 07:39:30',3,4,-1),(8,'高浮雕高浮雕','2020-03-31 08:03:18',6,4,-1),(9,'广泛的','2020-03-31 08:04:57',6,4,-1),(10,'广泛的','2020-03-31 08:04:59',6,4,-1),(11,'1111111111111111111111111111111','2020-03-31 08:05:15',6,4,-1),(12,'5555555555555555555555','2020-03-31 08:05:59',6,4,-1),(13,'你官方电话','2020-03-31 08:07:46',6,4,-1),(14,'666666666666666','2020-03-31 08:09:47',6,4,-1),(15,'0000000000000000000','2020-03-31 08:10:32',6,4,-1),(16,'？？？？？？？？？？？？？','2020-03-31 08:12:26',6,4,-1),(17,'？？？？？？？？？？？？？','2020-03-31 08:12:37',6,4,-1),(18,'股份大股东是','2020-03-31 08:13:17',6,4,-1),(19,'···················','2020-03-31 08:13:59',6,4,-1),(20,'官方的说法的高浮雕高浮雕','2020-03-31 08:14:07',6,4,-1),(21,'的高富帅','2020-03-31 08:14:19',5,4,-1),(22,'广泛的','2020-03-31 08:14:34',5,4,-1),(23,'华国锋','2020-03-31 08:15:22',5,4,-1),(24,'华国锋','2020-03-31 08:15:30',5,4,-1),(25,'444433333','2020-03-31 08:16:28',5,4,-1),(26,'广泛的','2020-03-31 08:23:12',20,4,-1),(27,'555','2020-03-31 08:25:14',20,4,-1),(28,'777','2020-03-31 08:27:40',20,4,-1),(29,'广泛大概','2020-03-31 08:28:14',21,4,-1),(30,'888','2020-03-31 08:29:00',21,4,-1),(31,'范德萨','2020-03-31 08:30:02',18,4,-1),(32,'风格的','2020-03-31 08:32:46',2,4,-1),(33,'范德萨','2020-03-31 08:33:59',19,4,-1),(34,'66666666666','2020-03-31 08:35:03',18,4,-1),(35,'55555555555','2020-03-31 08:35:11',18,4,-1),(36,'股份的公司','2020-03-31 08:35:32',18,4,-1),(37,'法国大使馆','2020-03-31 08:36:01',22,4,-1),(38,'范德萨','2020-03-31 08:38:02',29,4,-1),(39,'供奉的是','2020-03-31 08:38:06',29,4,-1),(40,'广泛的','2020-03-31 08:38:10',29,4,-1),(41,'hello','2020-04-02 06:00:03',24,4,-1),(42,'风格和','2020-04-06 06:41:32',31,4,-1),(43,'hzy第一次','2020-04-06 07:29:32',32,16,-1),(44,'hzy第二次','2020-04-06 07:29:38',32,16,-1),(45,'[code=java]\nhello\n[/code]','2020-04-15 05:21:31',31,4,-1),(46,'jbvn','2020-04-15 07:43:25',31,17,-1),(47,'hello','2020-04-15 07:43:35',31,17,-1),(48,'广泛的','2020-04-16 09:02:19',33,17,-1),(49,'发多少个','2020-04-17 00:35:28',37,17,-1),(50,'fdg','2020-04-19 00:55:05',37,1,-1),(51,'dfd','2020-04-19 00:55:12',37,1,-1),(52,'','2020-04-19 00:55:52',36,1,-1),(53,'gdf','2020-04-19 00:55:57',36,1,-1),(54,'bv','2020-04-19 00:58:19',37,1,-1),(55,'hgjghj ','2020-04-19 01:15:18',35,1,-1),(56,'范德萨','2020-04-19 07:15:31',37,1,-1),(57,'范德萨','2020-04-19 07:15:45',36,1,-1),(58,'范德萨','2020-04-19 07:16:02',37,17,-1),(59,'范德萨','2020-04-19 07:16:18',37,16,-1),(60,'的跌幅高达','2020-05-08 11:33:08',42,16,-1),(61,'111','2020-05-22 09:25:44',42,16,-1),(62,'华国锋','2020-05-22 09:30:05',42,16,-1),(63,'666','2020-05-22 09:30:08',42,16,-1),(64,'2452','2020-05-22 09:33:04',42,16,-1),(65,'tret','2020-05-22 09:33:07',42,16,-1),(66,'hjgh','2020-05-23 02:16:01',44,17,-1),(67,'k\'k\'k','2020-05-23 07:20:56',44,16,-1),(68,'111','2020-05-26 00:18:51',46,1,-1),(69,'111','2020-05-26 00:32:25',45,1,-1),(70,'这是回复id为1的评论','2020-05-26 09:24:27',1,1,1),(71,'回复1的回复','2020-05-26 09:30:18',1,1,1),(72,'回复70的，其中70是回复1的，所以这也是1的子回复','2020-05-26 09:31:02',1,1,70),(73,'评论1','2020-05-26 02:09:09',47,1,-1),(74,'评论2','2020-05-26 02:09:15',47,1,-1),(75,'回复评论1','2020-05-26 10:09:37',47,1,73),(76,'回复评论1的回复，即回复评论75','2020-05-26 10:10:18',47,1,75),(77,'回复76的，属于评论1','2020-05-26 11:55:19',47,1,76),(78,'回复评论2','2020-05-26 11:55:56',47,1,74),(79,'人发给对方','2020-05-26 07:21:35',47,1,-1),(80,'评论3','2020-05-26 07:21:55',47,1,-1),(81,'回复评论3','2020-05-26 15:22:33',47,1,80),(82,'回复77','2020-05-26 16:21:09',47,16,77),(83,'test','2020-05-27 11:19:21',47,5,80),(84,'范德萨发','2020-05-27 04:19:02',47,1,-1),(85,'你好','2020-05-27 04:19:16',47,1,-1),(86,'啦啦啦all','2020-05-27 04:19:38',47,1,-1),(87,'放大吧！！！','2020-05-27 07:59:34',47,1,80),(88,'啊啊啊啊','2020-05-27 08:00:42',47,1,-1),(89,'啊啊啊啊啊','2020-05-27 08:00:51',47,1,80),(90,'回复啊啊啊啊','2020-05-27 08:02:10',47,1,80),(91,'test','2020-05-27 08:07:20',45,1,-1),(92,'uuu','2020-05-27 08:14:50',45,1,-1),(93,'回复uuu','2020-05-27 08:16:11',45,1,92),(94,'回复root','2020-05-27 08:16:31',45,1,92),(95,'你好','2020-05-27 08:17:51',45,16,92),(96,'回复hzy','2020-05-27 08:18:16',45,16,92),(97,'222','2020-05-27 08:23:48',45,16,92),(98,'一级评论','2020-05-27 08:24:28',48,16,-1),(99,'二级评论','2020-05-27 08:24:39',48,16,98),(100,'再来个一级评论','2020-05-27 08:24:58',48,16,-1),(101,'回复再来个一级评论','2020-05-27 08:25:11',48,16,100),(102,'回复二级评论','2020-05-27 08:27:08',48,16,101),(103,'回复101','2020-05-27 08:27:37',48,16,101),(104,'啊啊啊','2020-05-27 08:28:07',48,16,101),(105,'回复104','2020-05-27 08:30:57',48,16,101),(106,'回复105','2020-05-27 08:47:24',48,16,105),(107,'1','2020-05-27 08:47:50',49,16,-1),(108,'2','2020-05-27 08:47:57',49,16,107),(109,'2','2020-05-27 08:48:04',49,16,107),(110,'3','2020-05-27 08:48:12',49,16,108),(111,'1','2020-05-27 08:48:18',49,16,-1),(112,'2','2020-05-27 08:48:26',49,16,111),(113,'3','2020-05-28 08:53:25',49,16,112),(114,'0','2020-05-28 08:53:40',49,16,113),(115,'2222','2020-05-28 08:53:51',49,16,112),(116,'3333','2020-05-28 08:54:06',49,16,113),(117,'1111','2020-05-28 08:54:15',49,16,107),(118,'11111111111','2020-05-28 08:54:26',49,16,117),(119,'111111111111','2020-05-28 08:54:34',49,16,117),(120,'2222222222','2020-05-28 08:54:44',49,16,109),(121,'333333333333','2020-05-28 08:54:51',49,16,110),(122,'11111111','2020-05-28 09:55:22',46,1,68),(123,'222','2020-05-28 09:55:36',46,1,68),(124,'33333','2020-05-28 09:55:47',46,1,122),(125,'3333','2020-05-28 09:55:58',46,1,-1),(126,'5555','2020-05-28 09:56:06',46,1,125),(127,'hello','2020-05-28 10:00:23',49,1,111),(128,'你好','2020-05-28 10:00:44',49,1,112),(129,'nihao','2020-06-01 10:37:00',53,1,-1),(130,'hello','2020-06-01 10:37:05',53,1,129),(131,'1111','2020-06-01 10:37:12',53,1,130),(132,'lalala','2020-06-01 10:37:21',53,1,-1),(133,'.....','2020-06-01 10:37:31',53,1,132),(134,'bcgb','2020-09-04 16:00:36',42,1,64),(135,'哈哈','2020-10-13 16:35:45',47,1,86),(136,'你好','2020-10-13 16:37:00',47,1,-1),(137,'你好','2020-10-13 16:39:01',121,26,-1),(138,'hello','2020-10-13 16:41:05',121,26,137),(139,'111','2020-10-13 16:42:02',121,26,137),(140,'q3222','2020-10-13 16:44:32',121,26,137),(141,'123','2020-10-13 16:44:47',121,26,-1),(142,'666','2020-10-13 16:46:42',121,26,-1),(143,'888','2020-10-13 16:47:08',121,26,-1),(144,'000','2020-10-13 16:47:40',121,26,-1),(145,'dfd','2020-10-13 16:54:01',121,26,-1),(146,'ss','2020-10-13 16:55:21',121,26,-1),(147,'123','2020-10-13 18:05:32',124,26,-1),(148,'shagn1','2020-10-14 18:19:03',123,4,-1),(149,'shagn1','2020-10-14 18:19:03',123,4,-1),(150,'赏心悦目','2020-10-14 18:19:16',123,4,-1),(151,'噢小帅哥','2020-10-15 13:25:46',123,1,150),(152,'这个男孩很帅','2020-10-15 13:27:04',123,1,148),(153,'','2020-10-15 13:27:05',123,1,148),(154,'546','2020-10-15 13:28:43',35,1,-1),(155,'放方法','2020-11-02 14:57:38',47,16,-1),(156,'地方萨芬','2020-11-02 14:59:20',47,16,-1),(157,'123','2020-11-02 15:09:51',47,1,-1),(158,'lxy','2020-11-02 15:10:59',47,1,-1),(159,'哈哈哈','2020-11-02 15:12:20',47,1,158),(160,'纲刚刚','2020-11-02 15:14:45',47,16,-1),(161,'111','2020-11-02 15:20:25',47,16,160),(162,'测试demo','2020-11-02 15:20:42',47,16,-1),(163,'回复demo','2020-11-02 15:20:58',47,16,162),(164,'测试评论','2020-11-02 15:29:42',47,16,162),(165,'测试评论','2020-11-02 15:38:01',47,1,163),(166,'123','2020-11-02 16:00:29',47,1,165),(167,'11','2020-11-02 16:24:55',47,1,162),(168,'1111111','2020-11-02 16:30:08',47,1,162),(169,'11111111','2020-11-02 16:32:04',47,1,88),(170,'111','2020-11-02 16:38:44',47,1,162),(171,'123','2020-11-02 16:46:08',47,1,160),(172,'123','2020-11-02 16:46:14',47,1,164),(173,'','2020-11-02 16:46:50',47,1,164),(174,'','2020-11-02 16:46:50',47,1,164),(175,'.。。。。','2020-11-02 16:47:17',47,1,135),(176,'你就知道123','2020-11-02 16:47:54',47,16,166),(177,'该如何度过和法规和','2020-11-02 17:07:37',47,16,-1);
/*!40000 ALTER TABLE `comment` ENABLE KEYS */;
UNLOCK TABLES;

--
-- Table structure for table `follow`
--

DROP TABLE IF EXISTS `follow`;
/*!40101 SET @saved_cs_client     = @@character_set_client */;
/*!50503 SET character_set_client = utf8mb4 */;
CREATE TABLE `follow` (
  `followId` int(255) NOT NULL AUTO_INCREMENT,
  `userId` int(11) NOT NULL COMMENT '关注者id',
  `followUserId` int(11) NOT NULL COMMENT '被关注者id',
  PRIMARY KEY (`followId`)
) ENGINE=InnoDB AUTO_INCREMENT=7 DEFAULT CHARSET=utf8;
/*!40101 SET character_set_client = @saved_cs_client */;

--
-- Dumping data for table `follow`
--

LOCK TABLES `follow` WRITE;
/*!40000 ALTER TABLE `follow` DISABLE KEYS */;
INSERT INTO `follow` VALUES (1,1,2),(3,1,3),(4,3,1),(6,5,6);
/*!40000 ALTER TABLE `follow` ENABLE KEYS */;
UNLOCK TABLES;

--
-- Table structure for table `label`
--

DROP TABLE IF EXISTS `label`;
/*!40101 SET @saved_cs_client     = @@character_set_client */;
/*!50503 SET character_set_client = utf8mb4 */;
CREATE TABLE `label` (
  `labelId` int(11) NOT NULL AUTO_INCREMENT,
  `labelName` varchar(255) NOT NULL,
  `userId` int(11) NOT NULL,
  `blogId` int(11) NOT NULL,
  PRIMARY KEY (`labelId`)
) ENGINE=InnoDB AUTO_INCREMENT=28 DEFAULT CHARSET=utf8;
/*!40101 SET character_set_client = @saved_cs_client */;

--
-- Dumping data for table `label`
--

LOCK TABLES `label` WRITE;
/*!40000 ALTER TABLE `label` DISABLE KEYS */;
INSERT INTO `label` VALUES (1,'abc',2,1),(2,'abc0',2,1),(3,'abc1',2,1),(4,'abc2',2,1),(5,'abc3',2,1),(6,'abc4',2,1),(7,'java',1,62),(8,'java',1,63),(9,'java',1,67),(10,'java',1,68),(11,'mysql',1,68),(12,'mysql',26,103),(13,'mysql',26,104),(14,'测试',26,105),(15,'测试',26,106),(16,'mysql',27,121),(17,'phthon',4,126),(18,'sql',4,126),(21,'string',1,140),(23,'jjjj',1,141),(24,'sdfasdf',1,141);
/*!40000 ALTER TABLE `label` ENABLE KEYS */;
UNLOCK TABLES;

--
-- Table structure for table `like`
--

DROP TABLE IF EXISTS `like`;
/*!40101 SET @saved_cs_client     = @@character_set_client */;
/*!50503 SET character_set_client = utf8mb4 */;
CREATE TABLE `like` (
  `likeId` int(11) NOT NULL AUTO_INCREMENT,
  `userId` int(11) NOT NULL,
  `blogId` int(11) NOT NULL,
  `createDate` datetime NOT NULL,
  `state` int(11) NOT NULL DEFAULT '0' COMMENT '是否取消点赞，默认0未取消',
  PRIMARY KEY (`likeId`)
) ENGINE=InnoDB DEFAULT CHARSET=utf8;
/*!40101 SET character_set_client = @saved_cs_client */;

--
-- Dumping data for table `like`
--

LOCK TABLES `like` WRITE;
/*!40000 ALTER TABLE `like` DISABLE KEYS */;
/*!40000 ALTER TABLE `like` ENABLE KEYS */;
UNLOCK TABLES;

--
-- Table structure for table `likerecord`
--

DROP TABLE IF EXISTS `likerecord`;
/*!40101 SET @saved_cs_client     = @@character_set_client */;
/*!50503 SET character_set_client = utf8mb4 */;
CREATE TABLE `likerecord` (
  `likeRecordId` int(11) NOT NULL AUTO_INCREMENT,
  `userId` int(11) NOT NULL,
  `blogId` int(11) NOT NULL,
  `createDate` datetime NOT NULL,
  `isLike` int(11) NOT NULL COMMENT '1表示点赞，0表示未点赞',
  PRIMARY KEY (`likeRecordId`)
) ENGINE=InnoDB AUTO_INCREMENT=136 DEFAULT CHARSET=utf8;
/*!40101 SET character_set_client = @saved_cs_client */;

--
-- Dumping data for table `likerecord`
--

LOCK TABLES `likerecord` WRITE;
/*!40000 ALTER TABLE `likerecord` DISABLE KEYS */;
INSERT INTO `likerecord` VALUES (68,29,36,'2020-11-01 15:54:33',1),(70,29,47,'2020-11-01 15:55:24',1),(71,29,1,'2020-11-01 15:56:14',1),(78,4,126,'2020-11-02 14:55:46',1),(88,4,125,'2020-11-02 14:56:40',1),(90,4,127,'2020-11-02 14:57:25',1),(91,4,36,'2020-11-02 14:59:15',1),(92,4,36,'2020-11-02 14:59:15',1),(93,4,36,'2020-11-02 14:59:15',1),(94,4,36,'2020-11-02 14:59:15',1),(95,4,36,'2020-11-02 14:59:16',1),(96,4,36,'2020-11-02 14:59:16',1),(98,4,1,'2020-11-02 14:59:16',1),(99,4,1,'2020-11-02 14:59:16',1),(100,4,44,'2020-11-02 14:59:16',1),(101,4,44,'2020-11-02 14:59:16',1),(102,4,35,'2020-11-02 14:59:16',1),(103,4,35,'2020-11-02 14:59:16',1),(104,4,35,'2020-11-02 14:59:16',1),(105,4,36,'2020-11-02 14:59:16',1),(106,4,36,'2020-11-02 14:59:16',1),(107,4,36,'2020-11-02 14:59:16',1),(108,4,36,'2020-11-02 14:59:16',1),(109,4,36,'2020-11-02 14:59:16',1),(110,4,36,'2020-11-02 14:59:17',1),(111,4,36,'2020-11-02 14:59:17',1),(112,4,36,'2020-11-02 14:59:21',1),(113,4,36,'2020-11-02 14:59:21',1),(114,4,36,'2020-11-02 14:59:21',1),(115,4,36,'2020-11-02 14:59:21',1),(116,4,36,'2020-11-02 14:59:23',1),(117,4,36,'2020-11-02 14:59:23',1),(118,16,1,'2020-11-02 15:02:45',1),(119,16,36,'2020-11-02 15:02:45',1),(120,16,44,'2020-11-02 15:02:46',1),(121,16,35,'2020-11-02 15:02:47',1),(122,16,37,'2020-11-02 15:02:48',1),(123,16,69,'2020-11-02 15:02:49',1),(124,16,127,'2020-11-02 15:03:01',1),(125,4,1,'2020-11-02 15:03:52',1),(129,4,1,'2020-11-02 15:04:12',1),(130,4,47,'2020-11-02 15:04:39',1),(131,4,120,'2020-11-02 15:04:50',1),(133,16,47,'2020-11-02 17:42:21',1),(134,1,47,'2021-01-01 21:18:01',1),(135,1,36,'2021-01-01 21:18:04',1);
/*!40000 ALTER TABLE `likerecord` ENABLE KEYS */;
UNLOCK TABLES;

--
-- Table structure for table `message`
--

DROP TABLE IF EXISTS `message`;
/*!40101 SET @saved_cs_client     = @@character_set_client */;
/*!50503 SET character_set_client = utf8mb4 */;
CREATE TABLE `message` (
  `messageId` int(11) NOT NULL AUTO_INCREMENT COMMENT '消息id',
  `messageFromId` int(11) NOT NULL COMMENT '消息发送方id',
  `messageToId` int(11) NOT NULL COMMENT '消息接收方id',
  `messageContent` text NOT NULL COMMENT '消息内容',
  ` messageCreateDate` date NOT NULL COMMENT '消息发送的时间',
  ` messageHasRead` int(11) NOT NULL COMMENT '消息是否已经读过',
  ` messageConversationId` varchar(255) NOT NULL COMMENT '会话id',
  PRIMARY KEY (`messageId`)
) ENGINE=InnoDB DEFAULT CHARSET=utf8;
/*!40101 SET character_set_client = @saved_cs_client */;

--
-- Dumping data for table `message`
--

LOCK TABLES `message` WRITE;
/*!40000 ALTER TABLE `message` DISABLE KEYS */;
/*!40000 ALTER TABLE `message` ENABLE KEYS */;
UNLOCK TABLES;

--
-- Table structure for table `notice`
--

DROP TABLE IF EXISTS `notice`;
/*!40101 SET @saved_cs_client     = @@character_set_client */;
/*!50503 SET character_set_client = utf8mb4 */;
CREATE TABLE `notice` (
  `noticeId` int(11) NOT NULL AUTO_INCREMENT COMMENT '公告id',
  `noticeTitle` varchar(255) NOT NULL COMMENT '公告标题',
  `noticeContent` varchar(255) NOT NULL COMMENT ' 公告内容',
  `operatorId` int(11) NOT NULL COMMENT '发布人id',
  `publishTime` datetime NOT NULL COMMENT '发布时间',
  `expirationTime` datetime NOT NULL COMMENT '过期时间',
  PRIMARY KEY (`noticeId`)
) ENGINE=InnoDB AUTO_INCREMENT=52 DEFAULT CHARSET=utf8;
/*!40101 SET character_set_client = @saved_cs_client */;

--
-- Dumping data for table `notice`
--

LOCK TABLES `notice` WRITE;
/*!40000 ALTER TABLE `notice` DISABLE KEYS */;
INSERT INTO `notice` VALUES (1,'test','test',1,'2020-05-09 15:43:39','2020-05-09 15:43:39'),(2,'test1','test1',1,'2020-05-09 15:44:05','2020-05-09 15:44:05'),(3,'test2','test2',1,'2020-05-09 15:44:12','2020-05-09 15:44:12'),(4,'hello','my first notice',1,'2020-05-13 02:34:26','2020-05-20 02:34:26'),(5,'hello','my first notice...',1,'2020-05-13 03:37:47','2020-05-20 03:37:47'),(6,'111','111',1,'2020-05-15 08:40:21','2020-05-22 08:40:21'),(7,'晓雨','你好',1,'2020-05-15 09:34:36','2020-05-22 09:34:36'),(8,'啊啊啊','啊啊啊',1,'2020-05-23 06:39:36','2020-05-30 06:39:36'),(9,'哈哈哈哈哈哈哈哈','哈哈哈哈哈哈',1,'2020-05-23 07:33:41','2020-05-30 07:33:41'),(10,'各干各','各干各',1,'2020-05-23 07:38:03','2020-05-30 07:38:03'),(11,'广泛大使馆','供奉的是',1,'2020-05-25 05:13:46','2020-06-01 05:13:46'),(12,'jintian','111',1,'2020-06-01 02:37:46','2020-06-08 02:37:46'),(13,'dffd','bbbbbbbbbbbbbbbbbbbbbbbbbbbb',1,'2020-09-04 08:03:01','2020-09-11 08:03:01'),(14,'hzy','hzy',1,'2020-11-03 09:46:32','2020-11-10 09:46:32'),(15,'hzy','hzy',1,'2020-11-03 09:46:57','2020-11-10 09:46:57'),(16,'hzy','hzy',16,'2020-11-03 09:51:30','2020-11-10 09:51:30'),(17,'hzy','hzy',1,'2020-11-03 09:51:34','2020-11-10 09:51:34'),(18,'hzy','hzy',1,'2020-11-03 09:53:12','2020-11-10 09:53:12'),(19,'123','12',1,'2020-11-03 09:58:10','2020-11-10 09:58:10'),(20,'我是标题','我是内容',1,'2020-11-03 10:56:01','2020-11-10 10:56:01'),(21,'2020-12-26','my ',1,'2020-12-26 16:17:57','2021-01-02 16:17:57'),(22,'2020-12-26','my ',1,'2020-12-26 16:18:00','2021-01-02 16:18:00'),(23,'gfdg','fdg',1,'2020-12-26 17:03:02','2021-01-02 17:03:02'),(24,'gfdg','fdg',1,'2020-12-26 17:03:02','2021-01-02 17:03:02'),(25,'gfdg','fdg',1,'2020-12-26 17:03:02','2021-01-02 17:03:02'),(26,'gfdg','fdg',1,'2020-12-26 17:03:02','2021-01-02 17:03:02'),(27,'gfdg','fdg',1,'2020-12-26 17:03:03','2021-01-02 17:03:03'),(28,'gfdg','fdg',1,'2020-12-26 17:03:03','2021-01-02 17:03:03'),(29,'gfdg','fdg',1,'2020-12-26 17:03:03','2021-01-02 17:03:03'),(30,'gfdg','fdg',1,'2020-12-26 17:03:03','2021-01-02 17:03:03'),(31,'gfdg','fdg',1,'2020-12-26 17:03:03','2021-01-02 17:03:03'),(32,'gfdg','fdg',1,'2020-12-26 17:03:04','2021-01-02 17:03:04'),(33,'gfdg','fdg',1,'2020-12-26 17:03:04','2021-01-02 17:03:04'),(34,'gfdg','fdg',1,'2020-12-26 17:03:04','2021-01-02 17:03:04'),(35,'gfdg','fdg',1,'2020-12-26 17:03:04','2021-01-02 17:03:04'),(36,'gfdg','fdg',1,'2020-12-26 17:03:04','2021-01-02 17:03:04'),(37,'gfdg','fdg',1,'2020-12-26 17:03:04','2021-01-02 17:03:04'),(38,'gfdg','fdg',1,'2020-12-26 17:03:06','2021-01-02 17:03:06'),(39,'gfdg','fdg',1,'2020-12-26 17:03:07','2021-01-02 17:03:07'),(40,'gfdg','fdg',1,'2020-12-26 17:03:07','2021-01-02 17:03:07'),(41,'gfdg','fdg',1,'2020-12-26 17:03:07','2021-01-02 17:03:07'),(42,'gfdg','fdg',1,'2020-12-26 17:03:07','2021-01-02 17:03:07'),(43,'gfdg','fdg',1,'2020-12-26 17:03:07','2021-01-02 17:03:07'),(44,'gfdg','fdg',1,'2020-12-26 17:03:08','2021-01-02 17:03:08'),(45,'gfdg','fdg',1,'2020-12-26 17:03:08','2021-01-02 17:03:08'),(46,'gfdg','fdg',1,'2020-12-26 17:03:08','2021-01-02 17:03:08'),(47,'gfdg','fdg',1,'2020-12-26 17:03:09','2021-01-02 17:03:09'),(48,'gfdg','fdg',1,'2020-12-26 17:03:09','2021-01-02 17:03:09'),(49,'gfdg','fdg',1,'2020-12-26 17:03:09','2021-01-02 17:03:09'),(50,'gfdg','fdg',1,'2020-12-26 17:03:17','2021-01-02 17:03:17'),(51,'gfdg','fdg',1,'2020-12-26 17:03:23','2021-01-02 17:03:23');
/*!40000 ALTER TABLE `notice` ENABLE KEYS */;
UNLOCK TABLES;

--
-- Table structure for table `readnotice`
--

DROP TABLE IF EXISTS `readnotice`;
/*!40101 SET @saved_cs_client     = @@character_set_client */;
/*!50503 SET character_set_client = utf8mb4 */;
CREATE TABLE `readnotice` (
  `readNoticeId` int(11) NOT NULL AUTO_INCREMENT COMMENT '已读id',
  `noticeId` int(11) NOT NULL COMMENT '公告id',
  `userId` int(11) NOT NULL COMMENT '用户id',
  `expirationTime` datetime NOT NULL COMMENT '已读公告过期时间',
  PRIMARY KEY (`readNoticeId`) USING BTREE
) ENGINE=InnoDB AUTO_INCREMENT=17 DEFAULT CHARSET=utf8;
/*!40101 SET character_set_client = @saved_cs_client */;

--
-- Dumping data for table `readnotice`
--

LOCK TABLES `readnotice` WRITE;
/*!40000 ALTER TABLE `readnotice` DISABLE KEYS */;
INSERT INTO `readnotice` VALUES (16,14,1,'2020-11-10 10:56:32');
/*!40000 ALTER TABLE `readnotice` ENABLE KEYS */;
UNLOCK TABLES;

--
-- Table structure for table `remind`
--

DROP TABLE IF EXISTS `remind`;
/*!40101 SET @saved_cs_client     = @@character_set_client */;
/*!50503 SET character_set_client = utf8mb4 */;
CREATE TABLE `remind` (
  `remindId` int(11) NOT NULL AUTO_INCREMENT,
  `remindContent` varchar(255) NOT NULL COMMENT '提醒内容',
  `fromId` int(11) NOT NULL COMMENT '发起提醒的人',
  `toId` int(11) NOT NULL COMMENT '接收提醒的人',
  `blogId` int(11) NOT NULL COMMENT '文章id',
  `createDate` datetime NOT NULL COMMENT '创建时间',
  `state` int(11) NOT NULL COMMENT '0表示未读，1表示已读，2表示删除',
  `remindType` int(11) NOT NULL COMMENT '0表示点赞，1表示评论',
  PRIMARY KEY (`remindId`)
) ENGINE=InnoDB AUTO_INCREMENT=331 DEFAULT CHARSET=utf8;
/*!40101 SET character_set_client = @saved_cs_client */;

--
-- Dumping data for table `remind`
--

LOCK TABLES `remind` WRITE;
/*!40000 ALTER TABLE `remind` DISABLE KEYS */;
INSERT INTO `remind` VALUES (236,'lxy点赞了范德萨',29,17,36,'2020-11-01 15:54:33',0,0),(237,'lxy点赞了first',29,1,1,'2020-11-01 15:54:42',1,0),(238,'lxy点赞了回复功能测试',29,1,47,'2020-11-01 15:55:24',1,0),(239,'lxy点赞了first',29,1,1,'2020-11-01 15:56:14',1,0),(240,'hzy点赞了回复功能测试',16,1,47,'2020-11-01 16:42:05',1,0),(241,'hzy点赞了回复功能测试',16,1,47,'2020-11-01 18:06:51',1,0),(242,'hzy点赞了回复功能测试',16,1,47,'2020-11-01 18:12:47',1,0),(243,'hzy点赞了回复功能测试',16,1,47,'2020-11-01 18:19:34',1,0),(244,'hzy点赞了回复功能测试',16,1,47,'2020-11-02 14:52:03',1,0),(245,'123点赞了分享知识',4,4,127,'2020-11-02 14:55:45',2,0),(246,'123点赞了it 文章知识分享',4,4,126,'2020-11-02 14:55:46',0,0),(247,'123点赞了回复功能测试',4,1,47,'2020-11-02 14:55:51',1,0),(248,'123点赞了回复功能测试',4,1,47,'2020-11-02 14:55:56',1,0),(249,'123点赞了回复功能测试',4,1,47,'2020-11-02 14:55:57',1,0),(250,'123点赞了回复功能测试',4,1,47,'2020-11-02 14:55:58',1,0),(251,'123点赞了回复功能测试',4,1,47,'2020-11-02 14:55:58',1,0),(252,'123点赞了回复功能测试',4,1,47,'2020-11-02 14:55:59',1,0),(253,'123点赞了回复功能测试',4,1,47,'2020-11-02 14:55:59',1,0),(254,'123点赞了回复功能测试',4,1,47,'2020-11-02 14:56:00',1,0),(255,'123点赞了回复功能测试',4,1,47,'2020-11-02 14:56:23',1,0),(256,'123点赞了AAA',4,1,125,'2020-11-02 14:56:41',1,0),(257,'123点赞了first',4,1,1,'2020-11-02 14:56:46',1,0),(258,'123点赞了分享知识',4,4,127,'2020-11-02 14:57:25',0,0),(259,'hzy评论了回复功能测试:放方法',16,1,47,'2020-11-02 14:57:44',1,1),(260,'123点赞了范德萨',4,17,36,'2020-11-02 14:59:15',0,0),(261,'123点赞了范德萨',4,17,36,'2020-11-02 14:59:15',0,0),(262,'123点赞了范德萨',4,17,36,'2020-11-02 14:59:15',0,0),(263,'123点赞了范德萨',4,17,36,'2020-11-02 14:59:15',0,0),(264,'123点赞了范德萨',4,17,36,'2020-11-02 14:59:16',0,0),(265,'123点赞了范德萨',4,17,36,'2020-11-02 14:59:16',0,0),(266,'123点赞了first',4,1,1,'2020-11-02 14:59:16',1,0),(267,'123点赞了first',4,1,1,'2020-11-02 14:59:16',1,0),(268,'123点赞了first',4,1,1,'2020-11-02 14:59:16',1,0),(269,'123点赞了gfds ',4,16,44,'2020-11-02 14:59:16',1,0),(270,'123点赞了gfds ',4,16,44,'2020-11-02 14:59:16',1,0),(271,'123点赞了SpringBoot推荐的模板引擎thymeleaf',4,17,35,'2020-11-02 14:59:16',0,0),(272,'123点赞了SpringBoot推荐的模板引擎thymeleaf',4,17,35,'2020-11-02 14:59:16',0,0),(273,'123点赞了SpringBoot推荐的模板引擎thymeleaf',4,17,35,'2020-11-02 14:59:16',0,0),(274,'123点赞了范德萨',4,17,36,'2020-11-02 14:59:16',0,0),(275,'123点赞了范德萨',4,17,36,'2020-11-02 14:59:16',0,0),(276,'123点赞了范德萨',4,17,36,'2020-11-02 14:59:16',0,0),(277,'123点赞了范德萨',4,17,36,'2020-11-02 14:59:17',0,0),(278,'123点赞了范德萨',4,17,36,'2020-11-02 14:59:17',0,0),(279,'123点赞了范德萨',4,17,36,'2020-11-02 14:59:17',0,0),(280,'123点赞了范德萨',4,17,36,'2020-11-02 14:59:17',0,0),(281,'hzy评论了回复功能测试:地方萨芬',16,1,47,'2020-11-02 14:59:21',1,1),(282,'123点赞了范德萨',4,17,36,'2020-11-02 14:59:21',0,0),(283,'123点赞了范德萨',4,17,36,'2020-11-02 14:59:21',0,0),(284,'123点赞了范德萨',4,17,36,'2020-11-02 14:59:21',0,0),(285,'123点赞了范德萨',4,17,36,'2020-11-02 14:59:21',0,0),(286,'123点赞了范德萨',4,17,36,'2020-11-02 14:59:23',0,0),(287,'123点赞了范德萨',4,17,36,'2020-11-02 14:59:23',0,0),(288,'hzy点赞了first',16,1,1,'2020-11-02 15:02:45',1,0),(289,'hzy点赞了范德萨',16,17,36,'2020-11-02 15:02:45',0,0),(290,'hzy点赞了gfds ',16,16,44,'2020-11-02 15:02:46',1,0),(291,'hzy点赞了SpringBoot推荐的模板引擎thymeleaf',16,17,35,'2020-11-02 15:02:47',0,0),(292,'hzy点赞了广泛的',16,17,37,'2020-11-02 15:02:48',0,0),(293,'hzy点赞了hello',16,1,69,'2020-11-02 15:02:49',1,0),(294,'hzy点赞了分享知识',16,4,127,'2020-11-02 15:03:01',0,0),(295,'123点赞了first',4,1,1,'2020-11-02 15:03:52',1,0),(296,'123点赞了回复功能测试',4,1,47,'2020-11-02 15:04:09',1,0),(297,'123点赞了回复功能测试',4,1,47,'2020-11-02 15:04:10',1,0),(298,'123点赞了回复功能测试',4,1,47,'2020-11-02 15:04:11',1,0),(299,'123点赞了first',4,1,1,'2020-11-02 15:04:12',1,0),(300,'123点赞了回复功能测试',4,1,47,'2020-11-02 15:04:39',1,0),(301,'123点赞了放大',4,1,120,'2020-11-02 15:04:50',1,0),(302,'root评论了回复功能测试:123',1,1,47,'2020-11-02 15:09:52',1,1),(303,'root评论了回复功能测试:lxy',1,1,47,'2020-11-02 15:11:01',1,1),(304,'root评论了回复功能测试:哈哈哈',1,1,47,'2020-11-02 15:12:20',1,1),(305,'hzy评论了回复功能测试:纲刚刚',16,1,47,'2020-11-02 15:14:45',1,1),(306,'hzy评论了回复功能测试:111',16,1,47,'2020-11-02 15:20:25',1,1),(307,'hzy评论了回复功能测试:测试demo',16,1,47,'2020-11-02 15:20:42',1,1),(308,'hzy评论了回复功能测试:回复demo',16,1,47,'2020-11-02 15:20:58',1,1),(309,'root评论了first:测试评论',1,1,1,'2020-11-02 15:29:42',1,1),(310,'root评论了回复功能测试:测试评论',1,1,47,'2020-11-02 15:38:01',1,1),(311,'root评论了回复功能测试:123',1,1,47,'2020-11-02 16:00:30',1,1),(312,'root评论了回复功能测试:11',1,1,47,'2020-11-02 16:24:56',1,1),(313,'root评论了回复功能测试:1111111',1,1,47,'2020-11-02 16:30:08',1,1),(314,'root评论了回复功能测试:11111111',1,1,47,'2020-11-02 16:32:04',1,1),(315,'root评论了回复功能测试:111',1,1,47,'2020-11-02 16:38:44',1,1),(316,'root评论了回复功能测试:123',1,1,47,'2020-11-02 16:46:09',1,1),(317,'root评论了回复功能测试:123',1,1,47,'2020-11-02 16:46:15',1,1),(318,'root评论了回复功能测试:',1,1,47,'2020-11-02 16:46:50',1,1),(319,'root评论了回复功能测试:',1,1,47,'2020-11-02 16:46:50',1,1),(320,'root评论了回复功能测试:.。。。。',1,1,47,'2020-11-02 16:47:17',1,1),(321,'hzy评论了回复功能测试:你就知道123',16,1,47,'2020-11-02 16:47:54',1,1),(322,'hzy评论了回复功能测试:该如何度过和法规和',16,1,47,'2020-11-02 17:07:37',1,1),(323,'hzy评论了回复功能测试:',16,1,47,'2020-11-02 17:07:39',1,1),(324,'hzy评论了回复功能测试:公司发的',16,1,47,'2020-11-02 17:07:56',1,1),(325,'hzy点赞了回复功能测试',16,1,47,'2020-11-02 17:08:21',1,0),(326,'hzy评论了回复功能测试:test',16,1,47,'2020-11-02 17:31:29',1,1),(327,'hzy点赞了回复功能测试',16,1,47,'2020-11-02 17:42:21',1,0),(328,'hzy评论了回复功能测试:打法',16,1,47,'2020-11-02 17:59:14',1,1),(329,'root点赞了回复功能测试',1,1,47,'2021-01-01 21:18:01',0,0),(330,'root点赞了范德萨',1,17,36,'2021-01-01 21:18:04',0,0);
/*!40000 ALTER TABLE `remind` ENABLE KEYS */;
UNLOCK TABLES;

--
-- Table structure for table `token`
--

DROP TABLE IF EXISTS `token`;
/*!40101 SET @saved_cs_client     = @@character_set_client */;
/*!50503 SET character_set_client = utf8mb4 */;
CREATE TABLE `token` (
  `tokenId` int(11) NOT NULL AUTO_INCREMENT,
  `token` varchar(255) NOT NULL,
  `expired` datetime NOT NULL COMMENT '过期时间',
  `userId` int(11) NOT NULL,
  PRIMARY KEY (`tokenId`)
) ENGINE=InnoDB AUTO_INCREMENT=61 DEFAULT CHARSET=utf8;
/*!40101 SET character_set_client = @saved_cs_client */;

--
-- Dumping data for table `token`
--

LOCK TABLES `token` WRITE;
/*!40000 ALTER TABLE `token` DISABLE KEYS */;
INSERT INTO `token` VALUES (53,'4bb1e41c4d29443580c953a475619a12','2021-03-11 15:50:33',1),(54,'8b6e0ac9b46e43d79031a9084f662d77','2020-11-03 09:18:38',4),(55,'c6116147bff6414fa6833f90df9c80d5','2020-11-14 13:09:50',28),(56,'154b3b219fcb4a5fa31182ecdba5f460','2020-11-17 12:28:11',16),(57,'11b9d6027ee3469eb64bbfbe6b4a1e53','2020-11-01 15:36:37',26),(58,'e4e5c751ced6446884b3e3f437d96c21','2020-11-01 16:06:24',29),(59,'eeda17fbf11c487da733056000999948','2020-12-26 11:07:37',18),(60,'70c66eb715b6454bba1082bf4dee8ae8','2021-03-25 13:24:19',30);
/*!40000 ALTER TABLE `token` ENABLE KEYS */;
UNLOCK TABLES;

--
-- Table structure for table `type`
--

DROP TABLE IF EXISTS `type`;
/*!40101 SET @saved_cs_client     = @@character_set_client */;
/*!50503 SET character_set_client = utf8mb4 */;
CREATE TABLE `type` (
  `typeId` int(11) NOT NULL AUTO_INCREMENT COMMENT '类型id',
  `typeName` varchar(255) NOT NULL COMMENT '类型名称',
  `userId` int(11) NOT NULL COMMENT '用户id',
  `blogId` int(11) NOT NULL COMMENT '博客id',
  PRIMARY KEY (`typeId`),
  KEY `userId` (`userId`),
  CONSTRAINT `userId` FOREIGN KEY (`userId`) REFERENCES `user` (`userId`)
) ENGINE=InnoDB AUTO_INCREMENT=18 DEFAULT CHARSET=utf8;
/*!40101 SET character_set_client = @saved_cs_client */;

--
-- Dumping data for table `type`
--

LOCK TABLES `type` WRITE;
/*!40000 ALTER TABLE `type` DISABLE KEYS */;
INSERT INTO `type` VALUES (1,'java',1,1),(2,'mysql',1,2),(3,'html',26,3),(4,'css',26,3),(5,'123',26,103),(6,'123',26,104),(7,'test',26,105),(8,'test',26,106),(9,'java',1,135),(12,'string',1,140),(14,'string',1,141);
/*!40000 ALTER TABLE `type` ENABLE KEYS */;
UNLOCK TABLES;

--
-- Table structure for table `user`
--

DROP TABLE IF EXISTS `user`;
/*!40101 SET @saved_cs_client     = @@character_set_client */;
/*!50503 SET character_set_client = utf8mb4 */;
CREATE TABLE `user` (
  `userId` int(11) NOT NULL AUTO_INCREMENT COMMENT '用户id',
  `username` varchar(255) NOT NULL COMMENT '用户名',
  `password` varchar(255) NOT NULL COMMENT '用户密码',
  `salt` varchar(255) NOT NULL COMMENT '随机串，用于加密密码',
  `headUrl` varchar(255) CHARACTER SET utf8 COLLATE utf8_general_ci NOT NULL COMMENT '用户头像，是图片的地址',
  `userType` int(11) NOT NULL DEFAULT '0' COMMENT '用户权限，0普通用户，1管理员，2超级管理员',
  PRIMARY KEY (`userId`),
  UNIQUE KEY `username` (`username`)
) ENGINE=InnoDB AUTO_INCREMENT=31 DEFAULT CHARSET=utf8;
/*!40101 SET character_set_client = @saved_cs_client */;

--
-- Dumping data for table `user`
--

LOCK TABLES `user` WRITE;
/*!40000 ALTER TABLE `user` DISABLE KEYS */;
INSERT INTO `user` VALUES (1,'root','c7d4ff11a53a5a3ecde831017da293a8','hello','http://127.0.0.1:8081/getImage?fileName=4a04443c411f452883bdd39a7bf7b68e.jpg',2),(2,'aaa','ed89e4e626435b90911b15687d8954d8','096851','http://127.0.0.1:8081//getImage?fileName=0ad32e8b0b414a959707f57686b566a8.jpg',0),(3,'bbb','6358105b78320d647d8a2e43943643ae','5d681b','http://127.0.0.1:8081//getImage?fileName=0ad32e8b0b414a959707f57686b566a8.jpg',0),(4,'123','8358a5f4f53f8d786ba7bfd032d2a6cc','766bfc','http://127.0.0.1:8081/getImage?fileName=default.png',0),(5,'asd','49d6529f772131e2de7be93262e89972','dcc0d1','http://127.0.0.1:8081//getImage?fileName=9fccb38d6fdf4424a2f566d2b46166b3.jpg',0),(6,'dd!dd','a3f00cbccc9bd9fdb41b625544e1d57a','b7d61d','http://127.0.0.1:8081//getImage?fileName=0ad32e8b0b414a959707f57686b566a8.jpg',0),(7,'rootff','b425e2dfa4b9e838f70c63fa768d8d07','3f35b6','http://127.0.0.1:8081//getImage?fileName=0ad32e8b0b414a959707f57686b566a8.jpg',0),(8,'rearfdsa','f1cabe01807e2a4a6107a2a753242858','762c2b','http://127.0.0.1:8081//getImage?fileName=0ad32e8b0b414a959707f57686b566a8.jpg',0),(9,'sfdsafdsafds','8f03af0d56ae4e55f5b5361e173bd887','4951f1','http://127.0.0.1:8081//getImage?fileName=0ad32e8b0b414a959707f57686b566a8.jpg',0),(10,'mmm','4bae579cbcc98bb4045c276daed9598b','b4e37c','http://127.0.0.1:8081/getImage?fileName=default.png',0),(11,'nnn','3c03f389007e7444cca31129a6833df2','401f71','http://127.0.0.1:8081/getImage?fileName=default.png',0),(12,'ccc','843a4a4bcff634a1ab5142abf968e247','8325ad','http://127.0.0.1:8081/getImage?fileName=default.png',0),(13,'zzz','d81889096f72d9c06c6cf5913a83d2bd','c6acc6','http://127.0.0.1:8081/getImage?fileName=default.png',0),(14,'ttt','4a176491292262597bb1a13bfcff9155','d827a8','http://127.0.0.1:8081/getImage?fileName=default.png',0),(15,'ggg','9665f686167c27243cf48b426690b65b','945d5e','http://127.0.0.1:8081/getImage?fileName=default.png',0),(16,'hzy','5d83855ceca7b146bc77293978c88ed2','ed2aef','http://127.0.0.1:8081/getImage?fileName=default.png',1),(17,'111','d54a850944532d30f029a9113a056dcb','caf7c1','http://127.0.0.1:8081/getImage?fileName=default.png',0),(18,'564','412212db3594ddbf4467b875cb9ee8c5','ecdc62','http://127.0.0.1:8081/getImage?fileName=default.png',0),(19,'lbx','59aa55c10dce212906d7d7464dea8acc','d5565d','http://127.0.0.1:8081/getImage?fileName=default.png',0),(20,'fdsfdf','0931a12e7221dce63aba08d0fadf321c','e001e8','http://127.0.0.1:8081/getImage?fileName=default.png',0),(21,'root123','73bf503b9bceef57d3d077023a91ac2d','110b41','http://127.0.0.1:8081/getImage?fileName=default.png',0),(22,'root1','599370d92e0b391c532fed79950ce5b8','5713c3','http://127.0.0.1:8081/getImage?fileName=default.png',0),(23,'','1b00b3a6cd3d0e639fed006413998a89','cc15d5','http://127.0.0.1:8081/getImage?fileName=default.png',0),(24,'fff','8ca8931f0d09a45ab8e034ce68994a07','aadafe','http://127.0.0.1:8081/getImage?fileName=default.png',0),(25,'vvv','eb1ee46ca45d22e4415c8af7c32a5c66','22a028','http://127.0.0.1:8081/getImage?fileName=default.png',0),(26,'lipanyan','8a4ef75e6102cd4d5cc6cdfdcf538eec','d4a66c','http://127.0.0.1:8081/getImage?fileName=0ef100b1d3c842289fc0cc0e3297fff1.jpg',0),(27,'79976324','59164e4c0c62563aa80929838b2f58ee','02f54e','http://127.0.0.1:8081/getImage?fileName=b8a2a8224b4749b8940d2f070fbc13ac.jpg',0),(28,'hello','921a34f0f5937dd8f1a59cb7fe6ada72','a89fab','http://127.0.0.1:8081/getImage?fileName=default.png',0),(29,'lxy','d34b47f9153b1305e6f59747202c905e','ba0dce','http://127.0.0.1:8081/getImage?fileName=default.png',0),(30,'string','d8ac1568304c31f53da36194eef7b90a','55f4f4','http://127.0.0.1:8081/getImage?fileName=default.png',0);
/*!40000 ALTER TABLE `user` ENABLE KEYS */;
UNLOCK TABLES;

--
-- Table structure for table `visit`
--

DROP TABLE IF EXISTS `visit`;
/*!40101 SET @saved_cs_client     = @@character_set_client */;
/*!50503 SET character_set_client = utf8mb4 */;
CREATE TABLE `visit` (
  `visitId` int(11) NOT NULL AUTO_INCREMENT COMMENT '浏览id',
  `userId` int(11) NOT NULL COMMENT '用户id',
  `blogId` int(11) NOT NULL COMMENT '文章id',
  PRIMARY KEY (`visitId`)
) ENGINE=InnoDB AUTO_INCREMENT=3 DEFAULT CHARSET=utf8;
/*!40101 SET character_set_client = @saved_cs_client */;

--
-- Dumping data for table `visit`
--

LOCK TABLES `visit` WRITE;
/*!40000 ALTER TABLE `visit` DISABLE KEYS */;
INSERT INTO `visit` VALUES (1,30,141),(2,30,140);
/*!40000 ALTER TABLE `visit` ENABLE KEYS */;
UNLOCK TABLES;
/*!40103 SET TIME_ZONE=@OLD_TIME_ZONE */;

/*!40101 SET SQL_MODE=@OLD_SQL_MODE */;
/*!40014 SET FOREIGN_KEY_CHECKS=@OLD_FOREIGN_KEY_CHECKS */;
/*!40014 SET UNIQUE_CHECKS=@OLD_UNIQUE_CHECKS */;
/*!40101 SET CHARACTER_SET_CLIENT=@OLD_CHARACTER_SET_CLIENT */;
/*!40101 SET CHARACTER_SET_RESULTS=@OLD_CHARACTER_SET_RESULTS */;
/*!40101 SET COLLATION_CONNECTION=@OLD_COLLATION_CONNECTION */;
/*!40111 SET SQL_NOTES=@OLD_SQL_NOTES */;

-- Dump completed on 2021-03-16 14:30:27
